Point,Depth,USCS_code,PF_code,GMC,Notes
T3-050,10,Pt,0,,PF table 480 cm
T3-050,20,Pt,0,,
T3-050,30,SM,0,29.1,
T3-050,40,SM,0,,
T3-050,50,SM,0,,
T3-050,60,SM,0,31,
T3-050,70,SM,0,,
T3-050,80,SM,0,,
T3-050,90,SM,0,39.4,
T3-050,100,Pt,0,,
T3-050,110,Pt,0,,
T3-050,120,Pt,0,146.1,
T3-050,130,Pt,0,,
T3-050,140,Pt,0,,
T3-050,150,Pt,0,229.5,
T3-050,160,Pt,0,,
T3-050,170,ML,0,,
T3-050,180,ML,0,52.75,
T3-050,190,ML,0,,
T3-050,200,ML,0,,
T3-050,210,ML,0,39.56,
T3-050,220,ML,0,,
T3-050,230,SP,0,,
T3-050,240,SP,0,28.99,
T3-050,250,SP,0,,
T3-050,260,SP,0,,
T3-050,270,SP,0,30.63,
T3-050,280,SP,0,,
T3-050,290,SP,0,,
T3-050,300,SP,0,27.21,
T3-050,310,SM,0,,
T3-050,320,SM,0,,
T3-050,330,SM,0,31.89,
T3-050,340,SM,0,,
T3-050,350,SP,0,,
T3-050,360,SP,0,24.78,
T3-050,370,SP,0,,
T3-050,380,SP,0,,
T3-050,390,SP,0,23.32,
T3-050,400,SP,0,,
T3-050,410,SP,0,,
T3-050,420,SP,0,15.27,
T3-050,430,SP,0,,
T3-050,440,SP,0,,
T3-050,450,SP,0,27.15,
T3-050,460,SP,0,,
T3-050,470,GW,0,,
T3-050,480,GW,0,10,
T3-050,490,SW,1,,Nbe?
T3-050,500,SW,1,,Nbe?
T3-050,510,SW,1,28.51,Nbe?
T3-050,520,SW,1,,Nbe?
T3-050,530,GW,1,,Nbn?
T3-050,540,SW,1,27.96,Nbe?
T3-050,550,SW,1,,Nbe?
T3-050,560,SW,1,,Nbe?
T3-050,570,GW,1,8.09,Nbn?
T3-050,580,GW,1,,Nbn?
T3-050,590,SW,1,,Nbe?
T3-050,600,SW,1,33.69,Nbe?
T3-053,10,Pt,0,,PF table 190 cm
T3-053,20,SM,0,,
T3-053,30,SM,0,34.2,
T3-053,40,SM,0,,
T3-053,50,SM,0,,
T3-053,60,SM,0,38.2,
T3-053,70,SM,0,,
T3-053,80,SM,0,,
T3-053,90,Pt,0,108.8,
T3-053,100,Pt,0,,
T3-053,110,Pt,0,,
T3-053,120,Pt,0,163.7,
T3-053,130,Pt,0,,
T3-053,140,Pt,0,,
T3-053,150,Pt,0,265.3,
T3-053,160,ML,0,,
T3-053,170,ML,0,,
T3-053,180,ML,0,53.4,
T3-053,190,ML,0,,
T3-053,200,SM,1,,Nbe?
T3-053,210,SM,1,43.1,Nbe?
T3-053,220,SP,1,,Nbe?
T3-053,230,SP,1,,Nbe?
T3-053,240,SP,1,33.5,Nbe?
T3-053,250,SP,1,,Nbe?
T3-053,260,SP,1,,Nbe?
T3-053,270,SP,1,41.8,Nbe?
T3-053,280,SM,1,,Nbe?
T3-053,290,SM,1,,Nbe?
T3-053,300,SP,1,34.9,Nbe?
T3-053,310,SM,1,,Nbe?
T3-053,320,SM,1,,Nbe?
T3-053,330,SM,1,43.8,Nbe?
T3-053,340,SM,1,,Nbe?
T3-053,350,SM,1,,Nbe?
T3-053,360,SM,1,34,Nbe?
T3-053,370,SP,1,,Nbe?
T3-053,380,SP,1,,Nbe?
T3-053,390,SP,1,28.5,Nbe?
T3-053,400,SP,1,,Nbe?
T3-053,410,SP,1,,Nbe?
T3-053,420,SM,1,44.4,Nbe?
T3-053,430,SM,1,,Nbe?
T3-053,440,SM,1,,Nbe?
T3-053,450,SM,1,32.4,Nbe?
T3-053,460,SW,1,,Nbe?
T3-053,470,GW,1,,Nbe?
T3-053,480,SW,1,23.6,Nbn?
T3-053,490,SW,1,,Nbe?
T3-053,500,SW,1,,Nbe?
T3-053,510,SW,1,31.5,Nbe?
T3-053,520,SW,1,,Nbe?
T3-053,530,SW,1,,Nbn?
T3-053,540,SW,1,18.6,Nbn?
T3-056,10,Pt,0,,Thaw depth 90 cm
T3-056,20,SM,0,,
T3-056,30,SM,0,35.9,
T3-056,40,SM,0,,
T3-056,50,SM,0,,
T3-056,60,SM,0,158.4,
T3-056,70,Pt,0,,
T3-056,80,Pt,0,,
T3-056,90,Pt,0,190.5,
T3-056,100,Pt,1,,Nbn?
T3-056,110,Pt,1,,Nbn?
T3-056,120,Pt,1,80.9,Nbn?
T3-056,130,ML,1,,
T3-056,140,ML,1,,
T3-056,150,ML,1,60.9,
T3-056,160,ML,1,,
T3-056,170,ML,1,,
T3-056,180,ML,1,116.4,
T3-056,190,ML,1,,
T3-056,200,ML,1,,
T3-056,210,SM,1,48.2,Nbe?
T3-056,220,SM,1,,
T3-056,230,SM,1,,
T3-056,240,SM,1,38.4,
T3-056,250,SM,1,,
T3-056,260,SM,1,,
T3-056,270,SM,1,39.2,
T3-056,280,SM,1,,
T3-056,290,SM,1,,
T3-056,300,SM,1,31.7,
T3-056,310,SM,1,,
T3-056,320,SM,1,,
T3-056,330,SM,1,42.1,
T3-056,340,SM,1,,
T3-056,350,SM,1,,
T3-056,360,SM,1,39.9,
T3-056,370,SM,1,,
T3-056,380,SM,1,,
T3-056,390,SP,1,33.4,
T3-056,400,SP,1,,
T3-056,410,SP,1,,
T3-056,420,SP,1,33.1,
T3-056,430,SP,1,,
T3-056,440,SP,1,,
T3-056,450,SP,1,29.1,
T3-056,460,SP,1,,
T3-056,470,SP,1,,
T3-056,480,SP,1,30.9,
T3-056,490,SP,1,,
T3-056,500,SP,1,,
T3-056,510,GW,1,25.3,
T3-059,10,Pt,0,,Thaw depth 84 cm
T3-059,20,Pt,0,,
T3-059,30,SM,0,36,
T3-059,40,SM,0,,
T3-059,50,SM,0,,
T3-059,60,Pt,0,200,
T3-059,70,Pt,0,,
T3-059,80,Pt,0,,
T3-059,90,ML,1,60,Nbe? With org?
T3-059,100,ML,1,,
T3-059,110,ML,1,,
T3-059,120,ML,1,70.5,
T3-059,130,ML,1,,
T3-059,140,ML,1,,
T3-059,150,ML,1,148.5,
T3-059,160,ML,1,,
T3-059,170,ML,1,,
T3-059,180,ML,1,95.2,
T3-059,190,ML,1,,
T3-059,200,ML,1,,
T3-059,210,SM,1,42,Nbe?
T3-059,220,SM,1,,Nbe?
T3-059,230,SM,1,,Nbe?
T3-059,240,SM,1,37.3,Nbe?
T3-059,250,SM,1,,Nbe?
T3-059,260,SM,1,,Nbe?
T3-059,270,SM,1,41.9,Nbe?
T3-059,280,SM,1,,Nbe?
T3-059,290,SP,1,,Nbe?
T3-059,300,SP,1,35.3,Nbe?
T3-059,310,SP,1,,Nbe?
T3-059,320,SM,1,,Nbe?
T3-059,330,SM,1,45.2,Nbe?
T3-059,340,SM,1,,
T3-059,350,SM,1,,
T3-059,360,SP,1,28.5,Nbn?
T3-059,370,SP,1,,
T3-059,380,SP,1,,
T3-059,390,SP,1,29.1,
T3-059,400,SP,1,,
T3-059,410,SP,1,,
T3-059,420,SP,1,32.8,
T3-059,430,SP,1,,
T3-059,440,SP,1,,
T3-059,450,SP,1,31.7,Nbe?
T3-059,460,SP,1,,
T3-059,470,SP,1,,
T3-059,480,SP,1,18.8,Nbn
T3-059,490,SP,1,,
T3-059,500,SP,1,,
T3-059,510,GW,1,30.3,Nbe?
T3-062,10,Pt,0,,Thaw depth 72 cm
T3-062,20,Pt,0,,
T3-062,30,SM,0,39,
T3-062,40,SM,0,,
T3-062,50,SM,0,,
T3-062,60,Pt,0,119,sandy silt/peat
T3-062,70,Pt,0,,
T3-062,80,Pt,1,,
T3-062,90,ML,1,254.5,OL?
T3-062,100,Pt,1,,
T3-062,110,Pt,1,,
T3-062,120,ICE,1,N/A,
T3-062,130,ICE,1,,
T3-062,140,ICE,1,,
T3-062,150,ML,1,352,wedge/soil
T3-062,160,ML,1,,wedge/soil
T3-062,170,ML,1,,
T3-062,180,ML,1,120.7,
T3-062,190,ML,1,,
T3-062,200,SM,1,,
T3-062,210,SM,1,95.5,
T3-062,220,SM,1,,
T3-062,230,SM,1,,
T3-062,240,SM,1,47.8,
T3-062,250,SM,1,,
T3-062,260,SM,1,,
T3-062,270,SM,1,39.2,
T3-062,280,SM,1,,
T3-062,290,SM,1,,
T3-062,300,SM,1,35,
T3-062,310,SM,1,,
T3-062,320,SM,1,,
T3-062,330,SM,1,47.4,
T3-062,340,SM,1,,
T3-062,350,SM,1,,
T3-062,360,SM,1,39.5,
T3-062,370,SM,1,,
T3-062,380,SP,1,,
T3-062,390,SP,1,32,
T3-062,400,SP,1,,
T3-062,410,SP,1,,
T3-062,420,SP,1,29.4,
T3-062,430,SP,1,,
T3-062,440,SP,1,,
T3-062,450,SP,1,30.1,
T3-062,460,SP,1,,
T3-062,470,SP,1,,
T3-062,480,SP,1,33.1,
T3-062,490,SP,1,,
T3-062,500,SP,1,,
T3-062,510,SW,1,29.6,
T3-062,520,SW,1,,
T3-062,530,GW,1,,
T3-062,540,GW,1,13.2,
T3-062,550,GW,1,,
T3-062,560,GW,1,,
T3-062,570,GW,1,7.7,
T3-062,580,GW,1,,
T3-062,590,GW,1,,
T3-062,600,GW,1,8.7,
T3-065,10,Pt,0,,Thaw depth 69 cm
T3-065,20,SM,0,,
T3-065,30,SM,0,166.5,
T3-065,40,Pt,0,,
T3-065,50,Pt,0,,
T3-065,60,Pt,0,239.6,
T3-065,70,Pt,0,,
T3-065,80,Pt,1,,
T3-065,90,Pt,1,201,
T3-065,100,Pt,1,,
T3-065,110,ML,1,,ataxitic
T3-065,120,ML,1,462.4,ataxitic
T3-065,130,ML,1,,ataxitic
T3-065,140,ML,1,,ataxitic
T3-065,150,ICE,1,3436.1,wedge????
T3-065,160,ML,1,,wedge/soil contact?
T3-065,170,ML,1,,
T3-065,180,ML,1,208,
T3-065,190,ML,1,,
T3-065,200,ML,1,,
T3-065,210,ML,1,110.5,
T3-065,220,SM,1,,
T3-065,230,SM,1,,
T3-065,240,SM,1,52.4,
T3-065,250,SM,1,,
T3-065,260,SM,1,,
T3-065,270,SM,1,40.2,Nbe?
T3-065,280,SM,1,,Nbe?
T3-065,290,SM,1,,Nbe?
T3-065,300,SM,1,41.4,Nbe?
T3-065,310,SM,1,,Nbe?
T3-065,320,SM,1,,Nbe?
T3-065,330,SM,1,38.6,Nbe?
T3-065,340,SM,1,,Nbe?
T3-065,350,SM,1,,Nbe?
T3-065,360,SM,1,45.1,Nbe?
T3-065,370,SM,1,,Nbe?
T3-065,380,SM,1,,Nbe?
T3-065,390,SM,1,35.8,Nbe?
T3-065,400,SM,1,,Nbe?
T3-065,410,SP,1,,
T3-065,420,SP,1,25.5,
T3-065,430,SP,1,,
T3-065,440,SP,1,,
T3-065,450,SP,1,29.9,
T3-065,460,SP,1,,
T3-065,470,SP,1,,
T3-065,480,SP,1,28.6,
T3-065,490,SP,1,,
T3-065,500,SP,1,,
T3-065,510,SP,1,29.3,
T3-065,520,SP,1,,
T3-065,530,SP,1,,
T3-065,540,SP,1,31.6,
T3-065,550,SP,1,,
T3-065,560,GW,1,,
T3-065,570,GW,1,10.4,
T3-068,10,Pt,0,,thaw depth 72 cm
T3-068,20,Pt,0,,
T3-068,30,ML,0,37,
T3-068,40,ML,0,,
T3-068,50,Pt,0,,
T3-068,60,Pt,0,184.3,
T3-068,70,Pt,0,,
T3-068,80,Pt,1,,Vx/Vr/Vs
T3-068,90,Pt,1,768.7,Vx/Vr/Vs
T3-068,100,Pt,1,,Vx/Vr/Vs
T3-068,110,Pt,1,,Vx/Vr/Vs
T3-068,120,Pt,1,593.5,Vx/Vr/Vs
T3-068,130,Pt,1,,Vx/Vr/Vs
T3-068,140,Pt,1,,Vx/Vr/Vs
T3-068,150,ML,1,580.7,"OL?, large ice belts"
T3-068,160,ML,1,,OL?
T3-068,170,ML,1,,OL?
T3-068,180,ML,1,171.9,OL?
T3-068,190,ML,1,,OL?
T3-068,200,ML,1,,OL?
T3-068,210,ML,1,130.8,OL?
T3-068,220,ML,1,,OL?
T3-068,230,SM,1,,
T3-068,240,SM,1,41.6,
T3-068,250,SM,1,,
T3-068,260,SM,1,,
T3-068,270,SM,1,49.8,Nbe?
T3-068,280,SM,1,,Nbe?
T3-068,290,SM,1,,Nbe?
T3-068,300,SM,1,38.7,Nbe?
T3-068,310,SM,1,,Nbe?
T3-068,320,SM,1,,Nbe?
T3-068,330,SM,1,37.9,Nbe?
T3-068,340,SM,1,,Nbe?
T3-068,350,SM,1,,Nbe?
T3-068,360,SM,1,45.3,Nbe?
T3-068,370,SM,1,,Nbe?
T3-068,380,SM,1,,Nbe?
T3-068,390,SM,1,42.9,Nbe?
T3-068,400,SP,1,,Nbn?
T3-068,410,SP,1,,Nbn?
T3-068,420,SP,1,28.6,Nbn?
T3-068,430,SP,1,,Nbn?
T3-068,440,SP,1,,Nbn?
T3-068,450,SP,1,31.3,Nbn?
T3-068,460,SP,1,,Nbn?
T3-068,470,SP,1,,Nbn?
T3-068,480,SP,1,31.3,Nbn?
T3-068,490,SP,1,,Nbn?
T3-068,500,SP,1,,Nbn?
T3-068,510,SP,1,27.3,Nbn?
T3-068,520,SP,1,,Nbn?
T3-068,530,SP,1,,Nbn?
T3-068,540,SP,1,32.7,Nbn?
T3-068,550,SP,1,,Nbn?
T3-068,560,SW,1,,Nbn?
T3-071,10,Pt,0,,Thaw depth 80 cm
T3-071,20,ML,0,,
T3-071,30,Pt,0,141.9,peat
T3-071,40,Pt,0,,
T3-071,50,Pt,0,,
T3-071,60,Pt,0,259.5,
T3-071,70,Pt,0,,
T3-071,80,Pt,0,,
T3-071,90,Pt,1,207.7,Vr/Vs
T3-071,100,Pt,1,,Vr/Vs
T3-071,110,ML,1,,ataxitic
T3-071,120,ML,1,293.5,ataxitic
T3-071,130,ICE,1,,wedge ice?
T3-071,140,ML,1,,ataxitic
T3-071,150,ML,1,292.2,ataxitic
T3-071,160,ML,1,,ataxitic
T3-071,170,ML,1,,ataxitic
T3-071,180,ML,1,221.1,ataxitic
T3-071,190,ML,1,,
T3-071,200,ML,1,,
T3-071,210,ML,1,82.4,
T3-071,220,ML,1,,
T3-071,230,ML,1,,
T3-071,240,SM,1,44.8,
T3-071,250,SM,1,,
T3-071,260,SM,1,,
T3-071,270,SM,1,41.1,
T3-071,280,SM,1,,
T3-071,290,SM,1,,
T3-071,300,SM,1,43.3,
T3-071,310,SM,1,,
T3-071,320,SM,1,,
T3-071,330,SM,1,35.6,
T3-071,340,SM,1,,
T3-071,350,SM,1,,
T3-071,360,SM,1,55.3,
T3-071,370,SM,1,,
T3-071,380,SM,1,,
T3-071,390,SP,1,29,
T3-071,400,SP,1,,
T3-071,410,SP,1,,
T3-071,420,SP,1,33.4,
T3-071,430,SP,1,,
T3-071,440,SP,1,,
T3-071,450,SP,1,28.7,
T3-071,460,SP,1,,
T3-071,470,SP,1,,
T3-071,480,SP,1,22.9,
T3-071,490,SP,1,,
T3-071,500,SP,1,,
T3-071,510,SP,1,26.9,
T3-071,520,SP,1,,
T3-071,530,SP,1,,
T3-071,540,SP,1,29.5,
T3-071,550,SP,1,,
T3-071,560,SP,1,,
T3-074,10,Pt,0,,Thaw depth 67 cm
T3-074,20,ML,0,,
T3-074,30,Pt,0,138.5,
T3-074,40,Pt,0,,
T3-074,50,Pt,0,,
T3-074,60,Pt,0,144.8,
T3-074,70,Pt,0,,
T3-074,80,ML,1,,OL?
T3-074,90,ML,1,256.7,OL?
T3-074,100,ML,1,,OL?
T3-074,110,ML,1,,OL?
T3-074,120,ML,1,223.9,OL?
T3-074,130,ML,1,,OL?
T3-074,140,ML,1,,OL?
T3-074,150,ML,1,226.8,OL?
T3-074,160,ML,1,,OL?
T3-074,170,ML,1,,OL?
T3-074,180,ML,1,121.3,OL?
T3-074,190,ML,1,,OL?
T3-074,200,ML,1,,OL?
T3-074,210,ML,1,111.6,OL?
T3-074,220,ML,1,,OL?
T3-074,230,SM,1,,
T3-074,240,SM,1,58.8,
T3-074,250,SM,1,,
T3-074,260,SM,1,,
T3-074,270,SM,1,38.5,
T3-074,280,SM,1,,
T3-074,290,SM,1,,
T3-074,300,SM,1,42.8,
T3-074,310,SM,1,,
T3-074,320,SM,1,,
T3-074,330,SM,1,36,
T3-074,340,SM,1,,
T3-074,350,SM,1,,
T3-074,360,SM,1,43.7,
T3-074,370,SM,1,,
T3-074,380,SP,1,,
T3-074,390,SP,1,27.6,
T3-074,400,SP,1,,
T3-074,410,SP,1,,
T3-074,420,SP,1,32.2,
T3-074,430,SP,1,,
T3-074,440,SP,1,,
T3-074,450,SP,1,30.3,
T3-074,460,SP,1,,
T3-074,470,SP,1,,
T3-074,480,SP,1,33.3,
T3-074,490,SP,1,,
T3-074,500,SP,1,,
T3-074,510,SP,1,29.2,
T3-074,520,SP,1,,
T3-074,530,SP,1,,
T3-074,540,SP,1,33.4,
T3-074,550,SP,1,,
T3-074,560,SP,1,,
T3-074,570,GW,1,14.6,
T3-077,10,Pt,0,,Thaw depth 63 cm
T3-077,20,Pt,0,,
T3-077,30,ML,0,67.4,
T3-077,40,ML,0,,
T3-077,50,Pt,0,,
T3-077,60,Pt,0,169.4,
T3-077,70,Pt,1,,
T3-077,80,Pt,1,,
T3-077,90,Pt,1,649.7,
T3-077,100,Pt,1,,
T3-077,110,Pt,1,,
T3-077,120,Pt,1,847.4,
T3-077,130,ML,1,,
T3-077,140,ML,1,,
T3-077,150,ML,1,180.4,
T3-077,160,ML,1,,
T3-077,170,ML,1,,
T3-077,180,ML,1,219.1,
T3-077,190,ML,1,,
T3-077,200,ML,1,,
T3-077,210,SM,1,67.3,
T3-077,220,SM,1,,
T3-077,230,ML,1,,
T3-077,240,SM,1,38,
T3-077,250,SM,1,,
T3-077,260,SM,1,,
T3-077,270,SM,1,39.8,
T3-077,280,SM,1,,
T3-077,290,SM,1,,
T3-077,300,SM,1,45.4,
T3-077,310,SM,1,,
T3-077,320,SM,1,,
T3-077,330,SM,1,38.9,
T3-077,340,SM,1,,
T3-077,350,SM,1,,
T3-077,360,SM,1,40.1,
T3-077,370,SM,1,,
T3-077,380,SP,1,,
T3-077,390,SP,1,27.6,
T3-077,400,SP,1,,
T3-077,410,SP,1,,
T3-077,420,SP,1,30.7,
T3-077,430,SP,1,,
T3-077,440,SP,1,,
T3-077,450,SP,1,32.3,
T3-077,460,SP,1,,
T3-077,470,SP,1,,
T3-077,480,SP,1,29.6,
T3-077,490,SP,1,,
T3-077,500,SP,1,,
T3-077,510,SP,1,32.8,
T3-077,520,SP,1,,
T3-077,530,SP,1,,
T3-077,540,SP,1,31,
T3-077,550,SP,1,,
T3-077,560,SW,1,,
T3-077,570,SW,1,19.4,
T3-077,580,SW,1,,
T3-077,590,GW,1,,
T3-080,10,Pt,0,,Thaw depth 53 cm
T3-080,20,ML,0,,
T3-080,30,Pt,0,149.2,
T3-080,40,Pt,0,,
T3-080,50,Pt,0,,
T3-080,60,Pt,1,253,
T3-080,70,Pt,1,,
T3-080,80,Pt,1,,
T3-080,90,Pt,1,636,
T3-080,100,Pt,1,,
T3-080,110,Pt,1,,
T3-080,120,ML,1,123.1,
T3-080,130,ML,1,,
T3-080,140,ML,1,,wedge/silt contact
T3-080,150,ML,1,230.2,wedge/silt contact
T3-080,160,ML,1,,wedge/silt contact
T3-080,170,ML,1,,
T3-080,180,ML,1,164.8,
T3-080,190,ML,1,,
T3-080,200,ML,1,,
T3-080,210,ML,1,111,
T3-080,220,ML,1,,
T3-080,230,ML,1,,
T3-080,240,ML,1,67.2,
T3-080,250,ML,1,,
T3-080,260,SM,1,,
T3-080,270,SM,1,38.5,
T3-080,280,SM,1,,
T3-080,290,SM,1,,
T3-080,300,SM,1,41.9,
T3-080,310,SM,1,,
T3-080,320,SM,1,,
T3-080,330,SM,1,38.6,
T3-080,340,SM,1,,
T3-080,350,SM,1,,
T3-080,360,SM,1,36.1,
T3-080,370,SM,1,,
T3-080,380,SM,1,,
T3-080,390,SP,1,28,
T3-080,400,SP,1,,
T3-080,410,SP,1,,
T3-080,420,SP,1,32,
T3-080,430,SM,1,,
T3-080,440,SM,1,,
T3-080,450,SM,1,32.5,
T3-080,460,SP,1,,
T3-080,470,SP,1,,
T3-080,480,SP,1,37.7,
T3-080,490,SP,1,,
T3-080,500,SP,1,,
T3-080,510,SP,1,32,
T3-080,520,SP,1,,
T3-080,530,SP,1,,
T3-080,540,SP,1,33.6,
T3-080,550,SP,1,,
T3-080,560,SP,1,,3-5% gravel
T3-080,570,SP,1,32.9,3-5% gravel
T3-080,580,SP,1,,3-5% gravel
T3-080,590,SP,1,,3-5% gravel
T3-080,600,GW,1,23.4,40% sand
T3-083,10,Pt,0,,Thaw depth 47 cm
T3-083,20,Pt,0,,
T3-083,30,Pt,0,,missed sample
T3-083,40,Pt,0,,
T3-083,50,Pt,0,,
T3-083,60,Pt,1,1296.3,"Vr/Vs, belts"
T3-083,70,Pt,1,,"Vr/Vs, belts"
T3-083,80,Pt,1,,"Vr/Vs, belts"
T3-083,90,Pt,1,362.1,
T3-083,100,Pt,1,,
T3-083,110,ICE,1,,
T3-083,120,ICE,1,,
T3-083,130,ICE,1,,
T3-083,140,ICE,1,,
T3-083,150,ICE,1,,
T3-083,160,ICE,1,,
T3-083,170,ICE,1,,
T3-083,180,ICE,1,,
T3-083,190,ICE,1,,
T3-083,200,ICE,1,,
T3-083,210,ICE,1,,
T3-083,220,ICE,1,,
T3-083,230,ICE,1,,
T3-083,240,SM,1,67.8,
T3-083,250,SM,1,,
T3-083,260,SM,1,,
T3-083,270,SM,1,48.9,
T3-083,280,SM,1,,
T3-083,290,SM,1,,
T3-083,300,SM,1,64,
T3-083,310,SM,1,,
T3-083,320,SM,1,,
T3-083,330,SM,1,43.8,
T3-083,340,SM,1,,
T3-083,350,SM,1,,
T3-083,360,SM,1,32.5,
T3-083,370,SP,1,,
T3-083,380,SP,1,,
T3-083,390,SP,1,34.7,
T3-083,400,SP,1,,
T3-083,410,SM,1,,
T3-083,420,SM,1,32.8,
T3-083,430,SM,1,,
T3-083,440,SM,1,,
T3-083,450,SM,1,33.6,
T3-083,460,SM,1,,
T3-083,470,SM,1,,
T3-083,480,SP,1,30,
T3-083,490,SP,1,,
T3-083,500,SP,1,,
T3-083,510,SP,1,28.8,
T3-083,520,SP,1,,
T3-083,530,SP,1,,
T3-083,540,SP,1,34.1,
T3-083,550,SP,1,,
T3-083,560,SP,1,,
T3-083,570,SP,1,30.1,
T3-083,580,SW,1,,
T3-083,590,SW,1,,
T3-086,10,Pt,0,,Thaw depth 64 cm
T3-086,20,Pt,0,,
T3-086,30,Pt,0,151.1,
T3-086,40,Pt,0,,
T3-086,50,Pt,0,,
T3-086,60,Pt,0,229.8,sample of frozen peat
T3-086,70,Pt,1,,Vs/Vr
T3-086,80,Pt,1,,Vs/Vr
T3-086,90,Pt,1,684.9,Vs/Vr
T3-086,100,Pt,1,,
T3-086,110,Pt,1,,
T3-086,120,Pt,1,181.5,
T3-086,130,ML,1,,OL?
T3-086,140,ML,1,,OL?
T3-086,150,ML,1,207.8,
T3-086,160,ML,1,,
T3-086,170,ML,1,,
T3-086,180,ML,1,235.1,
T3-086,190,ML,1,,
T3-086,200,ML,1,,
T3-086,210,ML,1,141.7,
T3-086,220,ML,1,,
T3-086,230,ML,1,,
T3-086,240,ML,1,69.3,
T3-086,250,SM,1,,
T3-086,260,SM,1,,
T3-086,270,SM,1,60.4,
T3-086,280,SM,1,,
T3-086,290,SM,1,,
T3-086,300,SM,1,40.6,
T3-086,310,SM,1,,
T3-086,320,SM,1,,
T3-086,330,SM,1,39.2,
T3-086,340,SM,1,,
T3-086,350,SM,1,,
T3-086,360,SM,1,34.4,
T3-086,370,SM,1,,
T3-086,380,SM,1,,
T3-086,390,SP,1,30,
T3-086,400,SP,1,,
T3-086,410,SP,1,,
T3-086,420,SM,1,41.5,
T3-086,430,SM,1,,
T3-086,440,SM,1,,
T3-086,450,SM,1,31.5,
T3-086,460,SM,1,,
T3-086,470,SM,1,,
T3-086,480,SM,1,34.9,
T3-086,490,SM,1,,
T3-086,500,SM,1,,
T3-086,510,SP,1,26.4,
T3-086,520,SP,1,,
T3-086,530,SP,1,,
T3-086,540,SP,1,30.4,
T3-086,550,SP,1,,
T3-086,560,SP,1,,
T3-086,570,SP,1,33.1,
T3-086,580,SP,1,,
T3-086,590,SP,1,,
T3-086,600,SP,1,30.7,
T3-086,610,SP,1,,
T3-086,620,SP,1,,
T3-089,10,Pt,0,,Thaw depth 55 cm
T3-089,20,Pt,0,,
T3-089,30,Pt,0,101.2,
T3-089,40,Pt,0,,
T3-089,50,Pt,0,,
T3-089,60,Pt,1,313.9,
T3-089,70,Pt,1,,
T3-089,80,Pt,1,,
T3-089,90,Pt,1,905.3,
T3-089,100,Pt,1,,
T3-089,110,Pt,1,,
T3-089,120,Pt,1,671.2,
T3-089,130,Pt,1,,
T3-089,140,Pt,1,,
T3-089,150,ML,1,173.6,OL?
T3-089,160,ML,1,,OL?
T3-089,170,ML,1,,OL?
T3-089,180,ML,1,222.1,OL?
T3-089,190,ML,1,,OL?
T3-089,200,ML,1,,OL?
T3-089,210,ML,1,111.7,OL?
T3-089,220,ML,1,,
T3-089,230,SM,1,,
T3-089,240,SM,1,78.8,
T3-089,250,SM,1,,
T3-089,260,SM,1,,
T3-089,270,SM,1,53.7,
T3-089,280,SM,1,,
T3-089,290,SM,1,,
T3-089,300,SM,1,39.3,
T3-089,310,SM,1,,
T3-089,320,SM,1,,
T3-089,330,SM,1,39.7,
T3-089,340,SM,1,,
T3-089,350,SM,1,,
T3-089,360,SM,1,37.2,
T3-089,370,SM,1,,
T3-089,380,SM,1,,
T3-089,390,SM,1,26.9,
T3-089,400,SP,1,,
T3-089,410,SP,1,,
T3-089,420,SM,1,32.2,
T3-089,430,SM,1,,
T3-089,440,SM,1,,
T3-089,450,SM,1,37.2,
T3-089,460,SM,1,,
T3-089,470,SM,1,,
T3-089,480,SM,1,36.4,
T3-089,490,SM,1,,
T3-089,500,SP,1,,
T3-089,510,SP,1,31,
T3-089,520,SP,1,,
T3-089,530,SP,1,,
T3-089,540,SP,1,32.9,
T3-089,550,SP,1,,
T3-089,560,SP,1,,
T3-089,570,SP,1,32.4,
T3-089,580,SP,1,,
T3-089,590,SP,1,,
T3-089,600,SP,1,33,
T3-089,610,SP,1,,
T3-089,620,SP,1,,
T3-089,630,SP,1,28.1,5% gravel
T3-092,10,Pt,0,,Thaw depth 46 cm
T3-092,20,Pt,0,,
T3-092,30,Pt,0,175.2,
T3-092,40,Pt,0,,
T3-092,50,Pt,0,,
T3-092,60,Pt,1,198,
T3-092,70,Pt,1,,
T3-092,80,Pt,1,,
T3-092,90,Pt,1,603.1,
T3-092,100,Pt,1,,
T3-092,110,Pt,1,,
T3-092,120,Pt,1,701.6,
T3-092,130,Pt,1,,
T3-092,140,Pt,1,,
T3-092,150,ML,1,240.4,OL?
T3-092,160,ML,1,,OL?
T3-092,170,ML,1,,OL?
T3-092,180,ML,1,304.6,OL?
T3-092,190,ML,1,,OL?
T3-092,200,ML,1,,OL?
T3-092,210,ML,1,120.4,OL?
T3-092,220,ML,1,,OL?
T3-092,230,ML,1,,OL?
T3-092,240,ML,1,85.3,OL?
T3-092,250,SM,1,,
T3-092,260,SM,1,,
T3-092,270,SM,1,64.2,
T3-092,280,SM,1,,
T3-092,290,SM,1,,
T3-092,300,SM,1,46.7,
T3-092,310,SM,1,,
T3-092,320,SM,1,,
T3-092,330,SM,1,38.9,
T3-092,340,SM,1,,
T3-092,350,SM,1,,
T3-092,360,SM,1,36.3,
T3-092,370,SM,1,,
T3-092,380,SM,1,,
T3-092,390,SM,1,36.7,
T3-092,400,SM,1,,
T3-092,410,SM,1,,
T3-092,420,SP,1,26.4,
T3-092,430,SP,1,,
T3-092,440,SM,1,,
T3-092,450,SM,1,42.1,
T3-092,460,SM,1,,
T3-092,470,SM,1,,
T3-092,480,SM,1,34.2,
T3-092,490,SM,1,,
T3-092,500,SM,1,,
T3-092,510,SM,1,36,
T3-092,520,SM,1,,
T3-092,530,SP,1,,
T3-092,540,SP,1,29.8,
T3-092,550,SP,1,,
T3-092,560,SP,1,,
T3-092,570,SP,1,30.2,
T3-092,580,SP,1,,
T3-092,590,SP,1,,
T3-092,600,SP,1,29.5,
T3-092,610,SP,1,,
T3-092,620,SP,1,,
T3-092,630,SP,1,29.5,
T3-095,10,Pt,0,,Thaw depth 48 cm
T3-095,20,Pt,0,,
T3-095,30,Pt,0,146.2,
T3-095,40,Pt,0,,
T3-095,50,Pt,0,,
T3-095,60,Pt,1,371.6,
T3-095,70,Pt,1,,
T3-095,80,Pt,1,,
T3-095,90,Pt,1,939,
T3-095,100,Pt,1,,
T3-095,110,Pt,1,,
T3-095,120,Pt,1,822.6,
T3-095,130,Pt,1,,
T3-095,140,Pt,1,,
T3-095,150,Pt,1,323.1,
T3-095,160,ML,1,,OL?
T3-095,170,ML,1,,OL?
T3-095,180,ML,1,342.7,OL?
T3-095,190,ML,1,,OL?
T3-095,200,ML,1,,
T3-095,210,ML,1,79.9,
T3-095,220,ML,1,,
T3-095,230,ML,1,,
T3-095,240,ML,1,119.9,
T3-095,250,ML,1,,
T3-095,260,SM,1,,
T3-095,270,SM,1,70.7,
T3-095,280,SM,1,,
T3-095,290,SM,1,,
T3-095,300,SM,1,40.9,
T3-095,310,SM,1,,
T3-095,320,SM,1,,
T3-095,330,SM,1,41.6,
T3-095,340,SM,1,,
T3-095,350,SM,1,,
T3-095,360,SM,1,42.2,
T3-095,370,SM,1,,
T3-095,380,SM,1,,
T3-095,390,SM,1,37.6,
T3-095,400,SM,1,,
T3-095,410,SM,1,,
T3-095,420,SM,1,35.7,
T3-095,430,SM,1,,
T3-095,440,SM,1,,3 cm fine to med.sand
T3-095,450,SM,1,35.7,
T3-095,460,SM,1,,
T3-095,470,SM,1,,
T3-095,480,SM,1,42.5,
T3-095,490,SM,1,,
T3-095,500,SM,1,,
T3-095,510,SM,1,35.2,
T3-095,520,SM,1,,
T3-095,530,SM,1,,
T3-095,540,SM,1,32.3,
T3-095,550,SP,1,,
T3-095,560,SP,1,,
T3-095,570,SP,1,30.7,
T3-095,580,SP,1,,
T3-095,590,SP,1,,
T3-095,600,SP,1,30.6,
T3-095,610,SP,1,,
T3-095,620,SP,1,,
T3-095,630,SP,1,25,
T3-098,10,Pt,0,,Thaw depth 52 cm
T3-098,20,Pt,0,,
T3-098,30,Pt,0,209.5,
T3-098,40,Pt,0,,
T3-098,50,Pt,0,,
T3-098,60,Pt,1,318.6,
T3-098,70,Pt,1,,
T3-098,80,ML,1,,OL?
T3-098,90,ICE,1,,
T3-098,100,ICE,1,,
T3-098,110,ICE,1,,
T3-098,120,ICE,1,,
T3-098,130,ICE,1,,
T3-098,140,ICE,1,,
T3-098,150,ML,1,643.2,OL? wedge/soil
T3-098,160,ML,1,,OL?
T3-098,170,ML,1,,OL?
T3-098,180,ML,1,196.1,OL?
T3-098,190,ML,1,,OL?
T3-098,200,ML,1,,OL?
T3-098,210,ML,1,114.5,OL?
T3-098,220,ML,1,,OL?
T3-098,230,ML,1,,OL?
T3-098,240,SM,1,44.2,
T3-098,250,SM,1,,
T3-098,260,SM,1,,
T3-098,270,SM,1,110.7,
T3-098,280,SM,1,,
T3-098,290,SM,1,,
T3-098,300,SM,1,103,
T3-098,310,SM,1,,
T3-098,320,SM,1,,
T3-098,330,SM,1,42.9,
T3-098,340,SM,1,,
T3-098,350,SM,1,,
T3-098,360,SM,1,36.9,
T3-098,370,SM,1,,
T3-098,380,SM,1,,Vs/Nb
T3-098,390,SM,1,44.5,Vs/Nb
T3-098,400,SM,1,,
T3-098,410,SM,1,,
T3-098,420,SM,1,38.4,
T3-098,430,SM,1,,
T3-098,440,SM,1,,
T3-098,450,SM,1,34.4,
T3-098,460,SM,1,,
T3-098,470,SM,1,,
T3-098,480,SM,1,38,
T3-098,490,SM,1,,
T3-098,500,SM,1,,
T3-098,510,SM,1,43.7,
T3-098,520,SM,1,,
T3-098,530,SM,1,,
T3-098,540,SM,1,33.1,
T3-098,550,SM,1,,
T3-098,560,SP,1,,
T3-098,570,SP,1,28.9,
T3-098,580,SP,1,,
T3-098,590,SP,1,,
T3-098,600,SP,1,30.6,
T3-098,610,SP,1,,
T3-098,620,SP,1,,
T3-098,630,SP,1,31.5,
T3-098,640,SP,1,,
T3-098,650,SP,1,,
T3-098,660,SP,1,35.7,
T3-098,670,SP,1,,
T3-098,680,GW,1,,
T3-098,690,GW,1,6.8,
T3-101,10,Pt,0,,Thaw depth 74 cm
T3-101,20,Pt,0,,
T3-101,30,Pt,0,187,
T3-101,40,Pt,0,,
T3-101,50,Pt,0,,
T3-101,60,Pt,0,,missed sample
T3-101,70,Pt,0,,
T3-101,80,ICE,1,,
T3-101,90,ICE,1,,
T3-101,100,ICE,1,,
T3-101,110,ICE,1,,
T3-101,120,ICE,1,,
T3-101,130,ICE,1,,
T3-101,140,ICE,1,,
T3-101,150,ICE,1,,
T3-101,160,ICE,1,,
T3-101,170,ICE,1,,
T3-101,180,ICE,1,,
T3-101,190,ICE,1,,
T3-101,200,ICE,1,,
T3-101,210,ICE,1,,
T3-101,220,ICE,1,,
T3-101,230,ICE,1,,
T3-101,240,SM,1,152.3,wedge/soil contact
T3-101,250,SM,1,,
T3-101,260,SM,1,,
T3-101,270,SM,1,71.2,
T3-101,280,SM,1,,
T3-101,290,SM,1,,
T3-101,300,SM,1,99.5,
T3-101,310,SM,1,,
T3-101,320,SM,1,,
T3-101,330,SM,1,62.3,
T3-101,340,SM,1,,
T3-101,350,SM,1,,
T3-101,360,SM,1,41.1,
T3-101,370,SM,1,,
T3-101,380,SM,1,,
T3-101,390,SM,1,45.8,
T3-101,400,SM,1,,
T3-101,410,SM,1,,
T3-101,420,SM,1,39.5,
T3-101,430,SM,1,,
T3-101,440,SM,1,,
T3-101,450,SM,1,36.6,
T3-101,460,SM,1,,
T3-101,470,SM,1,,
T3-101,480,SM,1,33.1,
T3-101,490,SM,1,,
T3-101,500,SP,1,,8 cm sand
T3-101,510,SM,1,34.9,
T3-101,520,SM,1,,
T3-101,530,SM,1,,
T3-101,540,SM,1,43.1,
T3-101,550,SM,1,,
T3-101,560,SP,1,,
T3-101,570,SP,1,30.5,
T3-101,580,SP,1,,
T3-101,590,SP,1,,
T3-101,600,SP,1,29.1,
T3-101,610,SP,1,,
T3-101,620,SP,1,,
T3-104,10,Pt,0,,Thaw depth 64 cm
T3-104,20,Pt,0,,
T3-104,30,Pt,0,45.9,
T3-104,40,Pt,0,,
T3-104,50,Pt,0,,
T3-104,60,Pt,0,279,sample of frozen peat
T3-104,70,Pt,1,,Vs/Vr
T3-104,80,Pt,1,,Vs/Vr
T3-104,90,Pt,1,277.4,Vs/Vr
T3-104,100,Pt,1,,Vs/Vr
T3-104,110,Pt,1,,Vs/Vr
T3-104,120,Pt,1,564.9,Vs/Vr
T3-104,130,Pt,1,,Vs/Vr
T3-104,140,Pt,1,,Vs/Vr
T3-104,150,Pt,1,915.4,Vs/Vr
T3-104,160,Pt,1,,Vs/Vr
T3-104,170,Pt,1,,Vs/Vr
T3-104,180,Pt,1,632.9,Vs/Vr
T3-104,190,Pt,1,,Vs/Vr
T3-104,200,Pt,1,,Vs/Vr
T3-104,210,Pt,1,443.3,Vs/Vr
T3-104,220,Pt,1,,Vs/Vr
T3-104,230,Pt,1,,Vs/Vr
T3-104,240,ML,1,168.7,OL?
T3-104,250,ML,1,,OL?
T3-104,260,ML,1,,OL?
T3-104,270,ML,1,133.9,OL?
T3-104,280,ML,1,,
T3-104,290,ML,1,,
T3-104,300,ML,1,51.4,
T3-104,310,ML,1,,
T3-104,320,ML,1,,
T3-104,330,SM,1,36.8,
T3-104,340,SM,1,,
T3-104,350,SM,1,,
T3-104,360,SM,1,41.1,
T3-104,370,SM,1,,
T3-104,380,SM,1,,
T3-104,390,SM,1,46.7,
T3-104,400,SM,1,,
T3-104,410,SM,1,,
T3-104,420,SM,1,34.3,
T3-104,430,SM,1,,
T3-104,440,SM,1,,
T3-104,450,SM,1,39.4,
T3-104,460,SM,1,,
T3-104,470,SM,1,,
T3-104,480,SM,1,37.6,
T3-104,490,SM,1,,
T3-104,500,SM,1,,
T3-104,510,SM,1,37.4,
T3-104,520,SP,1,,
T3-104,530,SP,1,,
T3-104,540,SP,1,36.2,
T3-104,550,SP,1,,
T3-104,560,SP,1,,
T3-104,570,SP,1,33.4,
T3-104,580,SP,1,,
T3-104,590,SM,1,,
T3-104,600,SM,1,44.3,
T3-104,610,SM,1,,
T3-104,620,SP,1,,
T3-107,10,Pt,0,,Thaw depth 56 cm
T3-107,20,Pt,0,,
T3-107,30,Pt,0,115.7,
T3-107,40,Pt,0,,
T3-107,50,Pt,0,,
T3-107,60,ML,1,215.5,
T3-107,70,ML,1,,
T3-107,80,ML,1,,
T3-107,90,ML,1,153.8,
T3-107,100,ML,1,,
T3-107,110,ML,1,,
T3-107,120,ML,1,93.9,
T3-107,130,ML,1,,
T3-107,140,ML,1,,
T3-107,150,Pt,1,238.5,Vs/Vr
T3-107,160,Pt,1,,Vs/Vr
T3-107,170,Pt,1,,Vs/Vr
T3-107,180,Pt,1,527.9,Vs/Vr
T3-107,190,Pt,1,,Vs/Vr
T3-107,200,Pt,1,,Vs/Vr
T3-107,210,Pt,1,1447.1,Vs/Vr
T3-107,220,Pt,1,,Vs/Vr
T3-107,230,Pt,1,,Vs/Vr
T3-107,240,Pt,1,294.6,Vs/Vr
T3-107,250,ML,1,,OL?     Vs/Vr
T3-107,260,ML,1,,
T3-107,270,ML,1,150.6,
T3-107,280,ML,1,,
T3-107,290,ML,1,,
T3-107,300,ML,1,117.5,
T3-107,310,ML,1,,
T3-107,320,ML,1,,
T3-107,330,SM,1,42.2,
T3-107,340,SM,1,,
T3-107,350,SM,1,,
T3-107,360,SM,1,39.8,
T3-107,370,SM,1,,
T3-107,380,SM,1,,
T3-107,390,SM,1,40.9,
T3-107,400,SM,1,,
T3-107,410,SM,1,,
T3-107,420,SM,1,51.9,
T3-107,430,SM,1,,
T3-107,440,SM,1,,
T3-107,450,SM,1,38.2,
T3-107,460,SM,1,,
T3-107,470,SM,1,,
T3-107,480,SM,1,34.6,
T3-107,490,SM,1,,
T3-107,500,SM,1,,
T3-107,510,SM,1,36.8,
T3-107,520,SM,1,,
T3-107,530,SM,1,,
T3-107,540,SM,1,34.2,
T3-107,550,SM,1,,
T3-107,560,SM,1,,
T3-107,570,SM,1,30.6,
T3-107,580,SP,1,,
T3-107,590,SP,1,,
T3-107,600,SP,1,33.1,
T3-107,610,SP,1,,
T3-107,620,SM,1,,
T3-107,630,SP,1,31.3,
T3-107,640,SP,1,,
T3-107,650,SP,1,,
T3-107,660,SP,1,31.9,
T3-107,670,SP,1,,
T3-107,680,SP,1,,
T3-107,690,SP,1,30,
T3-107,700,SP,1,,
T3-107,710,SP,1,,
T3-107,720,SW,1,27,
T3-110,10,Pt,0,,Thaw depth 74 cm
T3-110,20,Pt,0,,
T3-110,30,Pt,0,,no core
T3-110,40,Pt,0,,
T3-110,50,Pt,0,,
T3-110,60,Pt,0,,no core
T3-110,70,Pt,0,,
T3-110,80,ML,1,,OL?
T3-110,90,ML,1,132.9,OL?
T3-110,100,ML,1,,Pt? OL?
T3-110,110,ML,1,,OL?
T3-110,120,ML,1,69.7,OL?
T3-110,130,ML,1,,OL?
T3-110,140,ML,1,,Pt? OL?
T3-110,150,Pt,1,197.1,Vs/Vr
T3-110,160,Pt,1,,Vs/Vr
T3-110,170,Pt,1,,Vs/Vr
T3-110,180,Pt,1,519.6,Vs/Vr
T3-110,190,Pt,1,,Vs/Vr
T3-110,200,Pt,1,,Vs/Vr
T3-110,210,ML,1,292.2,OL?
T3-110,220,ML,1,,OL?
T3-110,230,ML,1,,OL?
T3-110,240,ML,1,287.9,OL?
T3-110,250,ML,1,,OL?
T3-110,260,ML,1,,OL?
T3-110,270,ML,1,134.1,
T3-110,280,ML,1,,
T3-110,290,ML,1,,
T3-110,300,SM,1,39.2,
T3-110,310,SM,1,,
T3-110,320,SM,1,,
T3-110,330,SM,1,37.5,
T3-110,340,SM,1,,
T3-110,350,SM,1,,
T3-110,360,SM,1,33.7,
T3-110,370,SM,1,,
T3-110,380,SM,1,,
T3-110,390,SM,1,39,
T3-110,400,SM,1,,
T3-110,410,ML,1,,
T3-110,420,ML,1,45.7,
T3-110,430,ML,1,,
T3-110,440,SM,1,,
T3-110,450,SM,1,41.6,
T3-110,460,SM,1,,
T3-110,470,SM,1,,
T3-110,480,SM,1,38.2,
T3-110,490,SM,1,,
T3-110,500,SM,1,,
T3-110,510,SM,1,32.4,
T3-110,520,SM,1,,
T3-110,530,SM,1,,
T3-110,540,SM,1,34.7,
T3-110,550,SM,1,,
T3-110,560,SP,1,,
T3-110,570,SP,1,32.7,
T3-110,580,SM,1,,
T3-110,590,SM,1,,
T3-110,600,SM,1,33.8,
T3-110,610,SM,1,,
T3-110,620,SM,1,,
T3-110,630,SP,1,30.3,
T3-113,10,Pt,0,,Thaw depth 59 cm
T3-113,20,Pt,0,,
T3-113,30,Pt,0,58.2,
T3-113,40,ML,0,,OL?
T3-113,50,ML,0,,OL?
T3-113,60,ML,0,96.6,sample of frozen soil   OL?
T3-113,70,ML,1,,OL?
T3-113,80,ML,1,,OL?
T3-113,90,ML,1,77.2,OL?
T3-113,100,ML,1,,OL?
T3-113,110,ML,1,,OL?
T3-113,120,ML,1,58.5,OL?
T3-113,130,ML,1,,OL?
T3-113,140,ML,1,,OL?
T3-113,150,ML,1,36.4,OL?
T3-113,160,ML,1,,OL?
T3-113,170,ML,1,,OL?
T3-113,180,Pt,1,146.7,
T3-113,190,Pt,1,,
T3-113,200,Pt,1,,
T3-113,210,Pt,1,708.8,
T3-113,220,ML,1,,OL?
T3-113,230,ML,1,,OL?
T3-113,240,ML,1,353.3,OL?
T3-113,250,ML,1,,OL?
T3-113,260,ML,1,,OL?
T3-113,270,ML,1,185.6,
T3-113,280,ML,1,,
T3-113,290,ML,1,,
T3-113,300,ML,1,77.1,
T3-113,310,SM,1,,ML/SM
T3-113,320,SM,1,,ML/SM
T3-113,330,SM,1,38.2,
T3-113,340,SM,1,,
T3-113,350,SM,1,,
T3-113,360,SM,1,38.1,
T3-113,370,SM,1,,
T3-113,380,SM,1,,
T3-113,390,SM,1,34.6,
T3-113,400,SM,1,,
T3-113,410,SM,1,,
T3-113,420,SM,1,34.3,
T3-113,430,SM,1,,
T3-113,440,SM,1,,
T3-113,450,SM,1,38,
T3-113,460,SM,1,,
T3-113,470,SM,1,,
T3-113,480,SM,1,40.2,
T3-113,490,SM,1,,
T3-113,500,SM,1,,
T3-113,510,SM,1,36.2,
T3-113,520,SM,1,,
T3-113,530,SM,1,,
T3-113,540,SM,1,32.5,
T3-113,550,SM,1,,
T3-113,560,SM,1,,
T3-113,570,SM,1,33,
T3-113,580,SM,1,,
T3-113,590,SP,1,,
T3-113,600,SM,1,33.2,
T3-113,610,SM,1,,
T3-113,620,SM,1,,
T3-113,630,SM,1,31.1,
T3-116,10,Pt,0,,thaw depth 68 cm
T3-116,20,Pt,0,,
T3-116,30,ML,0,83.6,OL?
T3-116,40,ML,0,,OL?
T3-116,50,ML,0,,OL?
T3-116,60,ML,0,12940,ERROR!!!  
T3-116,70,ML,0,,OL?
T3-116,80,ML,1,,OL?
T3-116,90,ML,1,106,OL?
T3-116,100,ML,1,,OL?
T3-116,110,ML,1,,OL?
T3-116,120,ML,1,101.3,OL?
T3-116,130,ML,1,,OL?
T3-116,140,ML,1,,OL?
T3-116,150,ML,1,30.6,OL?
T3-116,160,ML,1,,
T3-116,170,ML,1,,
T3-116,180,ML,1,101.5,
T3-116,190,ML,1,,
T3-116,200,ML,1,,
T3-116,210,Pt,1,153.6,
T3-116,220,Pt,1,,
T3-116,230,Pt,1,,
T3-116,240,ML,1,125.1,OL?
T3-116,250,ML,1,,OL?
T3-116,260,ML,1,,
T3-116,270,ML,1,79.6,
T3-116,280,ML,1,,
T3-116,290,ML,1,,
T3-116,300,ML,1,110.1,
T3-116,310,ML,1,,
T3-116,320,ML,1,,
T3-116,330,SM,1,40,
T3-116,340,SM,1,,
T3-116,350,SM,1,,
T3-116,360,SM,1,39.1,
T3-116,370,SM,1,,
T3-116,380,SM,1,,
T3-116,390,SM,1,38.3,
T3-116,400,SM,1,,
T3-116,410,SM,1,,
T3-116,420,SM,1,35.4,
T3-116,430,SM,1,,
T3-116,440,SM,1,,
T3-116,450,SM,1,32.7,
T3-116,460,SM,1,,
T3-116,470,SM,1,,
T3-116,480,SM,1,35.9,
T3-116,490,SM,1,,
T3-116,500,SM,1,,
T3-116,510,SM,1,37.8,
T3-116,520,SM,1,,
T3-116,530,SM,1,,
T3-116,540,SM,1,34.2,
T3-116,550,SM,1,,
T3-116,560,SM,1,,
T3-116,570,SM,1,32.4,
T3-116,580,SM,1,,
T3-116,590,SM,1,,
T3-116,600,SP,1,31.2,
T3-116,610,SP,1,,
T3-116,620,SP,1,,
T3-116,630,SP,1,31.7,
T3-119,10,Pt,0,,thaw depth 44 cm
T3-119,20,Pt,0,,
T3-119,30,ML,0,,OL? no sample
T3-119,40,ML,0,,OL?
T3-119,50,ML,1,,OL?
T3-119,60,ML,1,117.3,OL?
T3-119,70,ML,1,,OL?
T3-119,80,ML,1,,OL?
T3-119,90,ML,1,66.1,OL?
T3-119,100,ML,1,,OL?
T3-119,110,ML,1,,
T3-119,120,ML,1,36.1,
T3-119,130,ML,1,,
T3-119,140,ML,1,,
T3-119,150,ML,1,55.6,
T3-119,160,ML,1,,
T3-119,170,ML,1,,
T3-119,180,ML,1,32.4,
T3-119,190,ML,1,,
T3-119,200,ML,1,,
T3-119,210,ML,1,35.3,
T3-119,220,ML,1,,
T3-119,230,ML,1,,
T3-119,240,Pt,1,313.1,
T3-119,250,Pt,1,,OL?
T3-119,260,Pt,1,,OL?
T3-119,270,ML,1,71.2,
T3-119,280,ML,1,,
T3-119,290,ML,1,,
T3-119,300,ML,1,59.4,
T3-119,310,ML,1,,
T3-119,320,ML,1,,
T3-119,330,ML,1,74,
T3-119,340,ML,1,,
T3-119,350,ML,1,,
T3-119,360,ML,1,37.5,
T3-119,370,SM,1,,
T3-119,380,SM,1,,
T3-119,390,SM,1,41.1,
T3-119,400,SM,1,,
T3-119,410,SM,1,,
T3-119,420,SM,1,35.7,
T3-119,430,SM,1,,
T3-119,440,SM,1,,
T3-119,450,SM,1,33.4,
T3-119,460,SM,1,,
T3-119,470,SM,1,,
T3-119,480,SM,1,32.6,
T3-119,490,SM,1,,
T3-119,500,SM,1,,
T3-119,510,SM,1,35.3,
T3-119,520,SM,1,,
T3-119,530,SM,1,,
T3-119,540,SM,1,32.5,
T3-119,550,SM,1,,
T3-119,560,SM,1,,
T3-119,570,SP,1,30.9,
T3-119,580,SM,1,,
T3-119,590,SM,1,,
T3-119,600,SP,1,33.6,
T3-119,610,SP,1,,
T3-119,620,SP,1,,
T3-119,630,SP,1,27.8,
T3-119,640,SP,1,,
T3-119,650,SP,1,,
T3-119,660,SP,1,32.4,
T3-119,670,SP,1,,
T3-119,680,SP,1,,
T3-119,690,SP,1,28.8,
T3-119,700,SP,1,,
T3-119,710,SP,1,,
T3-119,720,SP,1,28.7,
T3-119,730,SP,1,,
T3-119,740,GW,1,,
T3-119,750,GW,1,11.6,
T3-122,10,Pt,0,,thaw depth 54 cm
T3-122,20,Pt,0,,
T3-122,30,Pt,0,152.6,
T3-122,40,Pt,0,,
T3-122,50,Pt,1,,
T3-122,60,ML,1,103.6,OL?
T3-122,70,ML,1,,OL?
T3-122,80,ML,1,,OL?
T3-122,90,ML,1,88.9,OL?
T3-122,100,ML,1,,OL?
T3-122,110,ML,1,,OL?
T3-122,120,ML,1,64.9,OL?
T3-122,130,ML,1,,OL?
T3-122,140,ML,1,,
T3-122,150,ML,1,36.2,
T3-122,160,ML,1,,
T3-122,170,ML,1,,
T3-122,180,ML,1,33.1,
T3-122,190,ML,1,,
T3-122,200,ML,1,,
T3-122,210,ML,1,29.3,
T3-122,220,ML,1,,
T3-122,230,ML,1,,
T3-122,240,ML,1,35.8,
T3-122,250,ML,1,,
T3-122,260,Pt,1,,
T3-122,270,Pt,1,358.6,
T3-122,280,Pt,1,,
T3-122,290,ML,1,,OL?
T3-122,300,ML,1,46.8,OL?
T3-122,310,ML,1,,OL?
T3-122,320,SM,1,,
T3-122,330,SM,1,76.4,
T3-122,340,SM,1,,
T3-122,350,SM,1,,
T3-122,360,SM,1,41.5,
T3-122,370,SM,1,,
T3-122,380,SM,1,,
T3-122,390,SM,1,40.6,
T3-122,400,SM,1,,
T3-122,410,SM,1,,
T3-122,420,SM,1,43.2,
T3-122,430,SM,1,,
T3-122,440,SM,1,,
T3-122,450,SM,1,33.4,
T3-122,460,SM,1,,
T3-122,470,SM,1,,
T3-122,480,SM,1,33.1,
T3-122,490,SM,1,,
T3-122,500,SM,1,,
T3-122,510,SM,1,32.9,
T3-122,520,SM,1,,
T3-122,530,SM,1,,
T3-122,540,SM,1,32.9,
T3-122,550,SM,1,,
T3-122,560,SM,1,,
T3-122,570,SM,1,31.3,
T3-122,580,SM,1,,
T3-122,590,SM,1,,
T3-122,600,SM,1,32.2,fine to medium sand
T3-122,610,SP,1,,
T3-122,620,SP,1,,
T3-125,10,Pt,0,,thaw depth 62 cm
T3-125,20,Pt,0,,
T3-125,30,Pt,0,216.9,
T3-125,40,Pt,0,,
T3-125,50,Pt,0,,
T3-125,60,Pt,0,71,sample of frozen silt
T3-125,70,ML,1,,
T3-125,80,ML,1,,
T3-125,90,ML,1,73.5,
T3-125,100,ML,1,,
T3-125,110,ML,1,,
T3-125,120,ML,1,44.4,
T3-125,130,ML,1,,
T3-125,140,ML,1,,
T3-125,150,ML,1,29.1,
T3-125,160,ML,1,,
T3-125,170,ML,1,,
T3-125,180,ML,1,32.6,
T3-125,190,ML,1,,
T3-125,200,ML,1,,
T3-125,210,ML,1,35.1,
T3-125,220,ML,1,,
T3-125,230,ML,1,,
T3-125,240,Pt,1,196.2,
T3-125,250,Pt,1,,
T3-125,260,Pt,1,,
T3-125,270,ML,1,109,OL?
T3-125,280,ML,1,,OL?
T3-125,290,ML,1,,OL?
T3-125,300,ML,1,112.3,OL?
T3-125,310,ML,1,,OL?
T3-125,320,ML,1,,OL?
T3-125,330,ML,1,105.7,
T3-125,340,ML,1,,
T3-125,350,ML,1,,
T3-125,360,SM,1,50,
T3-125,370,SM,1,,
T3-125,380,SM,1,,
T3-125,390,SM,1,47.5,
T3-125,400,SM,1,,
T3-125,410,SM,1,,
T3-125,420,SM,1,38.3,
T3-125,430,SM,1,,
T3-125,440,SM,1,,
T3-125,450,SM,1,34.7,
T3-125,460,SM,1,,
T3-125,470,SM,1,,
T3-125,480,SM,1,33,
T3-125,490,SM,1,,
T3-125,500,SM,1,,
T3-125,510,SM,1,35.6,
T3-125,520,SM,1,,
T3-125,530,SM,1,,
T3-125,540,SM,1,30.3,
T3-125,550,SM,1,,
T3-125,560,SM,1,,
T3-125,570,SM,1,31.5,
T3-125,580,SM,1,,
T3-125,590,SM,1,,
T3-125,600,SM,1,32,
T3-125,610,SM,1,,
T3-125,620,SM,1,,
T3-125,630,SP,1,30.7,trace gravel
T3-128,10,Pt,0,,thaw depth 64 cm
T3-128,20,Pt,0,,
T3-128,30,Pt,0,102.6,
T3-128,40,Pt,0,,
T3-128,50,Pt,0,,
T3-128,60,Pt,0,80.8,sample of frozen silt
T3-128,70,ML,1,,
T3-128,80,ML,1,,
T3-128,90,ML,1,55.9,
T3-128,100,ML,1,,
T3-128,110,ML,1,,
T3-128,120,ML,1,52.1,
T3-128,130,ML,1,,
T3-128,140,ML,1,,
T3-128,150,ML,1,31.6,
T3-128,160,ML,1,,
T3-128,170,ML,1,,
T3-128,180,ML,1,32.5,
T3-128,190,ML,1,,
T3-128,200,ML,1,,
T3-128,210,ML,1,33.7,
T3-128,220,ML,1,,
T3-128,230,ML,1,,
T3-128,240,ML,1,37.4,
T3-128,250,ML,1,,OL?
T3-128,260,ML,1,,OL?
T3-128,270,ML,1,103.7,OL?
T3-128,280,ML,1,,OL?
T3-128,290,ML,1,,OL?
T3-128,300,ML,1,46.8,OL?
T3-128,310,ML,1,,OL?
T3-128,320,ML,1,,OL?
T3-128,330,ML,1,44.8,
T3-128,340,ML,1,,
T3-128,350,ML,1,,
T3-128,360,ML,1,114,
T3-128,370,ML,1,,
T3-128,380,ML,1,,
T3-128,390,ML,1,63.4,
T3-128,400,ML,1,,SM?
T3-128,410,ML,1,,SM?
T3-128,420,ML,1,49.5,SM?
T3-128,430,ML,1,,SM?
T3-128,440,ML,1,,SM?
T3-128,450,ML,1,52.8,SM?
T3-128,460,SM,1,,
T3-128,470,SM,1,,
T3-128,480,SM,1,35.3,
T3-128,490,SM,1,,
T3-128,500,SM,1,,
T3-128,510,SM,1,34.4,
T3-128,520,SM,1,,
T3-128,530,SM,1,,
T3-128,540,SM,1,31.9,
T3-128,550,SM,1,,
T3-128,560,SP,1,,
T3-128,570,SP,1,31.8,
T3-128,580,SP,1,,
T3-128,590,SP,1,,
T3-128,600,SP,1,31.7,
T3-128,610,SP,1,,
T3-128,620,SP,1,,
T3-128,630,SP,1,31.7,
T3-128,640,SP,1,,
T3-128,650,SP,1,,
T3-128,660,SP,1,32.9,
T3-128,670,SP,1,,
T3-128,680,SP,1,,
T3-128,690,SP,1,34.6,
T3-128,700,SP,1,,
T3-128,710,SP,1,,
T3-128,720,SW,1,11.9,30% gravel
T3-128,730,SW,1,,
T3-128,740,GW,1,,
T3-131,10,Pt,0,,thaw depth 48 cm
T3-131,20,Pt,0,,
T3-131,30,Pt,0,257,
T3-131,40,Pt,0,,
T3-131,50,Pt,0,,
T3-131,60,ML,1,140.9,
T3-131,70,ML,1,,
T3-131,80,ML,1,,
T3-131,90,ML,1,100.3,
T3-131,100,ML,1,,
T3-131,110,ML,1,,
T3-131,120,ML,1,43.3,
T3-131,130,ML,1,,
T3-131,140,ML,1,,
T3-131,150,ML,1,32,
T3-131,160,ML,1,,
T3-131,170,ML,1,,
T3-131,180,ML,1,36,
T3-131,190,ML,1,,
T3-131,200,ML,1,,
T3-131,210,ML,1,32.5,
T3-131,220,ML,1,,
T3-131,230,ML,1,,
T3-131,240,ML,1,31.9,
T3-131,250,ML,1,,
T3-131,260,ML,1,,
T3-131,270,ML,1,34.9,
T3-131,280,ML,1,,
T3-131,290,ML,1,,OL?
T3-131,300,ML,1,32.8,OL? sample - silt
T3-131,310,ML,1,,
T3-131,320,ML,1,,
T3-131,330,ML,1,33,
T3-131,340,ML,1,,
T3-131,350,ML,1,,
T3-131,360,ML,1,38.7,
T3-131,370,ML,1,,
T3-131,380,ML,1,,
T3-131,390,ML,1,42.4,
T3-131,400,ML,1,,
T3-131,410,ML,1,,
T3-131,420,ML,1,43.5,
T3-131,430,ML,1,,
T3-131,440,ML,1,,
T3-131,450,ML,1,34.1,
T3-131,460,SM,1,,
T3-131,470,SM,1,,
T3-131,480,SM,1,27.3,
T3-131,490,SM,1,,
T3-131,500,SM,1,,
T3-131,510,SM,1,33,
T3-131,520,SM,1,,
T3-131,530,SM,1,,
T3-131,540,SM,1,35.6,
T3-131,550,SM,1,,
T3-131,560,SM,1,,
T3-131,570,SM,1,28,
T3-131,580,SP,1,,
T3-131,590,SP,1,,
T3-131,600,SP,1,34.2,
T3-131,610,SP,1,,
T3-131,620,SP,1,,
T3-131,630,SP,1,32.8,
T3-134,10,Pt,0,,thaw depth 52 cm
T3-134,20,Pt,0,,
T3-134,30,ML,0,31.5,
T3-134,40,ML,0,,
T3-134,50,ML,0,,
T3-134,60,ML,1,124.6,
T3-134,70,ML,1,,
T3-134,80,ML,1,,
T3-134,90,ML,1,49.9,
T3-134,100,ML,1,,
T3-134,110,ML,1,,
T3-134,120,ML,1,63.6,
T3-134,130,ML,1,,
T3-134,140,ML,1,,
T3-134,150,ML,1,40.1,
T3-134,160,ML,1,,
T3-134,170,ML,1,,
T3-134,180,ML,1,36.2,
T3-134,190,ML,1,,
T3-134,200,ML,1,,
T3-134,210,ML,1,31.8,
T3-134,220,ML,1,,
T3-134,230,ML,1,,
T3-134,240,ML,1,32.9,
T3-134,250,ML,1,,
T3-134,260,ML,1,,
T3-134,270,ML,1,34.6,
T3-134,280,ML,1,,
T3-134,290,ML,1,,
T3-134,300,ML,1,34.6,
T3-134,310,ML,1,,
T3-134,320,ML,1,,1 cm peat layer
T3-134,330,ML,1,35.2,
T3-134,340,ML,1,,
T3-134,350,ML,1,,1 cm peat layer
T3-134,360,ML,1,39.4,
T3-134,370,ML,1,,
T3-134,380,ML,1,,
T3-134,390,ML,1,32,
T3-134,400,SM,1,,
T3-134,410,SM,1,,
T3-134,420,SM,1,39.5,
T3-134,430,SM,1,,
T3-134,440,SM,1,,
T3-134,450,SM,1,39,
T3-134,460,SM,1,,
T3-134,470,SM,1,,
T3-134,480,SM,1,37.8,
T3-134,490,SM,1,,
T3-134,500,SM,1,,
T3-134,510,SM,1,37.1,
T3-134,520,SM,1,,
T3-134,530,SM,1,,
T3-134,540,SM,1,40.7,
T3-134,550,SM,1,,
T3-134,560,SW,1,,
T3-134,570,GW,1,7.9,
T3-137,10,Pt,0,,thaw depth 67 cm
T3-137,20,Pt,0,,
T3-137,30,ML,0,40.4,
T3-137,40,ML,0,,
T3-137,50,ML,0,,
T3-137,60,ML,0,30.7,
T3-137,70,ML,0,,
T3-137,80,ML,1,,
T3-137,90,ML,1,47.1,
T3-137,100,ML,1,,
T3-137,110,ML,1,,
T3-137,120,ML,1,46.9,
T3-137,130,ML,1,,
T3-137,140,ML,1,,
T3-137,150,ML,1,40.6,
T3-137,160,ML,1,,
T3-137,170,ML,1,,
T3-137,180,ML,1,50.1,
T3-137,190,ML,1,,
T3-137,200,ML,1,,
T3-137,210,ML,1,37.2,
T3-137,220,ML,1,,
T3-137,230,ML,1,,
T3-137,240,ML,1,34.8,
T3-137,250,ML,1,,
T3-137,260,ML,1,,
T3-137,270,ML,1,38.8,
T3-137,280,ML,1,,
T3-137,290,ML,1,,
T3-137,300,ML,1,41.4,
T3-137,310,ML,1,,
T3-137,320,ML,1,,
T3-137,330,ML,1,37.7,
T3-137,340,ML,1,,
T3-137,350,ML,1,,
T3-137,360,SM,1,31.4,organic-rich
T3-137,370,SM,1,,organic-rich
T3-137,380,SM,1,,organic-rich
T3-137,390,SM,1,43.7,organic-rich
T3-137,400,ML,1,,organic-rich
T3-137,410,Pt,1,,OL?
T3-137,420,SM,1,35.4,
T3-137,430,SM,1,,
T3-137,440,SM,1,,
T3-137,450,SM,1,31.8,
T3-137,460,SM,1,,
T3-137,470,SM,1,,
T3-137,480,SM,1,34.1,
T3-137,490,SM,1,,
T3-137,500,SM,1,,
T3-137,510,SM,1,36.5,
T3-137,520,SW,1,,
T3-137,530,SW,1,,
T3-137,540,GW,1,8.6,
T3-140,10,Pt,0,,thaw depth 53 cm
T3-140,20,Pt,0,,
T3-140,30,Pt,0,27.2,sample of frozen silt
T3-140,40,ML,0,,
T3-140,50,ML,0,,
T3-140,60,ML,1,100.2,
T3-140,70,ML,1,,
T3-140,80,ML,1,,
T3-140,90,ML,1,69.1,
T3-140,100,ML,1,,
T3-140,110,ML,1,,
T3-140,120,ML,1,36.2,
T3-140,130,ML,1,,
T3-140,140,ML,1,,
T3-140,150,ML,1,50.1,
T3-140,160,ML,1,,
T3-140,170,ML,1,,
T3-140,180,ML,1,36.6,
T3-140,190,ML,1,,
T3-140,200,ML,1,,
T3-140,210,ML,1,46.9,
T3-140,220,ML,1,,
T3-140,230,ML,1,,
T3-140,240,ML,1,40,
T3-140,250,ML,1,,
T3-140,260,ML,1,,
T3-140,270,ML,1,34.2,
T3-140,280,ML,1,,
T3-140,290,ML,1,,
T3-140,300,ML,1,33.5,
T3-140,310,ML,1,,
T3-140,320,ML,1,,
T3-140,330,ML,1,45.8,
T3-140,340,ML,1,,
T3-140,350,ML,1,,
T3-140,360,ML,1,51.3,
T3-140,370,ML,1,,
T3-140,380,SM,1,,organic-rich
T3-140,390,SM,1,41.9,organic-rich
T3-140,400,Pt,1,,
T3-140,410,Pt,1,,OL?
T3-140,420,ML,1,30.9,
T3-140,430,ML,1,,
T3-140,440,SM,1,,
T3-140,450,SM,1,30,
T3-140,460,SM,1,,
T3-140,470,SM,1,,
T3-140,480,SM,1,33.1,
T3-140,490,SM,1,,
T3-140,500,SM,1,,
T3-140,510,SM,1,32.6,
T3-140,520,SM,1,,
T3-140,530,GW,1,,
T3-143,10,Pt,0,,thaw depth 59 cm
T3-143,20,Pt,0,,
T3-143,30,ML,0,41.2,
T3-143,40,ML,0,,
T3-143,50,ML,0,,
T3-143,60,ML,0,104.7,sample of frozen silt
T3-143,70,ML,1,,
T3-143,80,ML,1,,
T3-143,90,ML,1,65.3,
T3-143,100,ML,1,,
T3-143,110,ML,1,,SM?
T3-143,120,ML,1,45.7,SM?
T3-143,130,ML,1,,SM?
T3-143,140,ML,1,,SM?
T3-143,150,ML,1,35.5,SM?
T3-143,160,ML,1,,SM?
T3-143,170,ML,1,,SM?
T3-143,180,ML,1,35,SM?
T3-143,190,ML,1,,SM?
T3-143,200,ML,1,,SM?
T3-143,210,ML,1,68.6,SM?
T3-143,220,ML,1,,SM?
T3-143,230,ML,1,,SM? Organic-rich
T3-143,240,ML,1,39.8,SM? Organic-rich
T3-143,250,ML,1,,SM? Organic-rich
T3-143,260,ML,1,,SM? Organic-rich
T3-143,270,ML,1,36.5,SM? Organic-rich
T3-143,280,ML,1,,SM? Organic-rich
T3-143,290,ML,1,,SM? Organic-rich
T3-143,300,ML,1,45.9,SM? Organic-rich
T3-143,310,ML,1,,SM? Organic-rich
T3-143,320,ML,1,,SM? Organic-rich
T3-143,330,ML,1,51.3,SM? Organic-rich
T3-143,340,ML,1,,SM? Organic-rich
T3-143,350,ML,1,,SM? Organic-rich
T3-143,360,ML,1,44.1,SM? Organic-rich
T3-143,370,ML,1,,SM? Organic-rich
T3-143,380,ML,1,,SM? Organic-rich
T3-143,390,Pt,1,80.5,
T3-143,400,Pt,1,,
T3-143,410,ML,1,,
T3-143,420,ML,1,45.6,
T3-143,430,ML,1,,
T3-143,440,SM,1,,ML?
T3-143,450,SM,1,30.2,ML?
T3-143,460,SM,1,,ML?
T3-143,470,SM,1,,ML?
T3-143,480,SM,1,30.9,ML?
T3-143,490,SM,1,,ML?
T3-143,500,SM,1,,ML?
T3-143,510,SW,1,29.7,
T3-146,10,Pt,0,,thaw depth 58 cm
T3-146,20,Pt,0,,
T3-146,30,ML,0,30.9,
T3-146,40,ML,0,,
T3-146,50,ML,0,,
T3-146,60,ML,0,72.5,sample of frozen silt
T3-146,70,ML,1,,
T3-146,80,ML,1,,
T3-146,90,ML,1,58.6,
T3-146,100,ML,1,,
T3-146,110,ML,1,,SM?
T3-146,120,ML,1,40.4,SM?
T3-146,130,ML,1,,SM?
T3-146,140,ML,1,,SM?
T3-146,150,ML,1,41,SM?
T3-146,160,ML,1,,SM?
T3-146,170,ML,1,,SM?
T3-146,180,ML,1,40.9,SM?
T3-146,190,ML,1,,SM?
T3-146,200,ML,1,,SM?
T3-146,210,ML,1,40,SM?
T3-146,220,ML,1,,SM?
T3-146,230,ML,1,,SM?
T3-146,240,ML,1,48,SM?
T3-146,250,ML,1,,SM?
T3-146,260,ML,1,,SM?
T3-146,270,ML,1,41.7,SM?
T3-146,280,ML,1,,SM?
T3-146,290,ML,1,,SM?
T3-146,300,ML,1,41.7,SM?
T3-146,310,ML,1,,SM? Organic-rich
T3-146,320,ML,1,,SM? Organic-rich
T3-146,330,ML,1,48.5,SM? Organic-rich
T3-146,340,ML,1,,SM? Organic-rich
T3-146,350,ML,1,,SM? Organic-rich
T3-146,360,ML,1,41.5,SM? 
T3-146,370,ML,1,,SM? 
T3-146,380,ML,1,,SM? 
T3-146,390,ML,1,43.2,SM? 
T3-146,400,Pt,1,,
T3-146,410,Pt,1,,
T3-146,420,SM,1,33.3,ML?
T3-146,430,SM,1,,ML?
T3-146,440,SM,1,,ML?
T3-146,450,SM,1,33.9,ML?
T3-146,460,SM,1,,ML?
T3-146,470,SM,1,,ML?
T3-146,480,SM,1,33.2,ML?
T3-146,490,SM,1,,ML?
T3-146,500,SM,1,,ML?
T3-146,510,GW,1,7.8,
T3-149,10,Pt,0,,thaw depth 73 cm
T3-149,20,Pt,0,,
T3-149,30,ML,0,30.6,
T3-149,40,ML,0,,
T3-149,50,ML,0,,
T3-149,60,ML,0,30.6,
T3-149,70,ML,0,,
T3-149,80,ML,1,,
T3-149,90,ML,1,66.1,
T3-149,100,ML,1,,
T3-149,110,ML,1,,
T3-149,120,ML,1,39.5,
T3-149,130,ML,1,,
T3-149,140,ML,1,,
T3-149,150,ML,1,41.7,
T3-149,160,ML,1,,
T3-149,170,ML,1,,
T3-149,180,ML,1,35,
T3-149,190,ML,1,,
T3-149,200,ML,1,,
T3-149,210,ML,1,31,
T3-149,220,ML,1,,
T3-149,230,ML,1,,
T3-149,240,ML,1,41.6,
T3-149,250,ML,1,,
T3-149,260,ML,1,,
T3-149,270,ML,1,41.6,
T3-149,280,ML,1,,
T3-149,290,ML,1,,
T3-149,300,ML,1,31.2,
T3-149,310,ML,1,,
T3-149,320,ML,1,,SM? organic-rich
T3-149,330,ML,1,48.5,SM? organic-rich
T3-149,340,ML,1,,SM? organic-rich
T3-149,350,ML,1,,SM? organic-rich
T3-149,360,ML,1,54.1,SM? organic-rich
T3-149,370,ML,1,,SM? organic-rich
T3-149,380,ML,1,,SM? organic-rich
T3-149,390,ML,1,50.4,SM? organic-rich
T3-149,400,ML,1,,SM? organic-rich
T3-149,410,Pt,1,,
T3-149,420,SM,1,27.9,
T3-149,430,SM,1,,
T3-149,440,SM,1,,
T3-149,450,SM,1,34.8,
T3-149,460,SM,1,,
T3-149,470,SM,1,,
T3-149,480,SM,1,32.8,
T3-149,490,SM,1,,
T3-149,500,SM,1,,
T3-149,510,GW,1,18,
